chargeback_id,transaction_id,merchant_id,customer_id,amount,reason,status,created_date,resolved_date
CB0001,TXN000014,M0007,C00190,348.71,Service not as described,Resolved,2023-12-12,2023-12-27
CB0002,TXN000016,M0009,C00556,676.3,Item not received,Open,2025-04-04,2025-04-28
CB0003,TXN000038,M0007,C00335,552.86,Item not received,Resolved,2024-07-20,2024-08-29
CB0004,TXN000052,M0178,C00866,1282.53,Unauthorized transaction,Resolved,2025-11-24,2025-11-29
CB0005,TXN000054,M0070,C00297,2280.48,Item not received,Resolved,2024-12-03,2025-01-12
CB0006,TXN000061,M0034,C00837,780.65,Duplicate charge,Open,2025-09-06,2025-10-07
CB0007,TXN000065,M0009,C00045,1174.03,Service not as described,Lost,2025-01-07,2025-01-17
CB0008,TXN000068,M0091,C00584,1822.06,Service not as described,Open,2023-11-19,2023-12-08
CB0009,TXN000091,M0190,C00100,2228.63,Service not as described,Open,2024-08-05,2024-08-17
CB0010,TXN000117,M0190,C00566,1972.53,Service not as described,Open,2025-03-18,2025-04-21
CB0011,TXN000120,M0113,C00809,2031.09,Service not as described,Lost,2025-08-06,2025-08-18
CB0012,TXN000150,M0169,C00333,1641.29,Fraud,Open,2025-03-28,2025-04-11
CB0013,TXN000170,M0023,C00171,1186.29,Unauthorized transaction,Lost,2025-02-02,2025-03-10
CB0014,TXN000184,M0069,C00724,1289.68,Item not received,Resolved,2026-01-27,2026-02-19
CB0015,TXN000187,M0187,C00892,1905.51,Service not as described,Open,2024-10-26,2024-12-02
CB0016,TXN000189,M0063,C00382,1263.79,Fraud,Resolved,2024-08-27,2024-09-18
CB0017,TXN000197,M0160,C00801,1744.43,Duplicate charge,Resolved,2024-12-15,2025-01-15
CB0018,TXN000201,M0130,C00520,2104.35,Unauthorized transaction,Resolved,2025-09-14,2025-10-19
CB0019,TXN000207,M0151,C00511,988.47,Service not as described,Resolved,2025-04-10,2025-05-15
CB0020,TXN000223,M0047,C00094,1320.93,Service not as described,Resolved,2024-03-10,2024-03-30
CB0021,TXN000248,M0158,C00438,2208.05,Item not received,Lost,2025-12-27,2026-01-30
CB0022,TXN000253,M0008,C00958,62.5,Unauthorized transaction,Open,2025-02-26,2025-04-07
CB0023,TXN000255,M0061,C00458,1097.73,Duplicate charge,Open,2024-07-04,2024-07-18
CB0024,TXN000262,M0066,C00249,1812.25,Duplicate charge,Resolved,2024-03-03,2024-04-01
CB0025,TXN000263,M0016,C00773,1091.03,Duplicate charge,Resolved,2025-08-27,2025-09-13
CB0026,TXN000290,M0049,C00758,2496.02,Duplicate charge,Resolved,2025-09-09,2025-10-22
CB0027,TXN000292,M0194,C00153,1282.84,Unauthorized transaction,Resolved,2023-12-25,2024-01-31
CB0028,TXN000300,M0024,C00706,1383.38,Service not as described,Lost,2024-04-03,2024-04-16
CB0029,TXN000309,M0159,C00583,2277.31,Service not as described,Resolved,2025-01-24,2025-02-02
CB0030,TXN000322,M0175,C00856,2396.97,Service not as described,Resolved,2025-03-06,2025-03-28
CB0031,TXN000332,M0061,C00511,200.78,Duplicate charge,Resolved,2024-07-03,2024-08-03
CB0032,TXN000345,M0051,C00743,34.55,Item not received,Resolved,2024-03-08,2024-04-03
CB0033,TXN000366,M0032,C00463,1879.22,Fraud,Resolved,2024-02-17,2024-03-25
CB0034,TXN000367,M0132,C00965,10.31,Item not received,Resolved,2025-12-19,2026-01-10
CB0035,TXN000370,M0188,C00533,489.7,Fraud,Open,2025-09-06,2025-09-11
CB0036,TXN000371,M0009,C00562,220.01,Fraud,Lost,2025-02-16,2025-03-11
CB0037,TXN000372,M0115,C00175,1352.82,Service not as described,Resolved,2025-05-30,2025-06-23
CB0038,TXN000375,M0137,C00955,1730.23,Duplicate charge,Resolved,2025-07-07,2025-08-18
CB0039,TXN000377,M0112,C00092,291.44,Duplicate charge,Resolved,2025-05-06,2025-06-17
CB0040,TXN000396,M0200,C00377,689.85,Service not as described,Resolved,2023-08-04,2023-09-09
CB0041,TXN000398,M0147,C00608,1735.08,Item not received,Resolved,2025-04-21,2025-05-05
CB0042,TXN000403,M0033,C00872,405.12,Duplicate charge,Lost,2025-03-01,2025-04-03
CB0043,TXN000423,M0020,C00293,1439.35,Item not received,Resolved,2025-08-10,2025-09-18
CB0044,TXN000429,M0098,C00852,846.55,Fraud,Resolved,2025-06-15,2025-07-20
CB0045,TXN000436,M0028,C00766,1099.79,Duplicate charge,Resolved,2026-01-08,2026-02-04
CB0046,TXN000452,M0175,C00761,903.02,Fraud,Resolved,2025-11-09,2025-12-05
CB0047,TXN000461,M0103,C00224,462.21,Unauthorized transaction,Resolved,2025-09-21,2025-10-31
CB0048,TXN000463,M0182,C00244,429.84,Fraud,Open,2025-05-22,2025-06-30
CB0049,TXN000464,M0164,C00053,334.6,Fraud,Open,2025-12-25,2026-01-23
CB0050,TXN000470,M0115,C00491,1086.17,Duplicate charge,Open,2025-09-13,2025-10-17
CB0051,TXN000473,M0049,C00661,1067.42,Fraud,Resolved,2024-12-17,2025-01-11
CB0052,TXN000477,M0189,C00577,507.8,Unauthorized transaction,Resolved,2025-03-08,2025-03-25
CB0053,TXN000496,M0008,C00583,199.79,Fraud,Resolved,2025-10-14,2025-11-03
CB0054,TXN000501,M0024,C00058,1858.48,Item not received,Resolved,2025-03-25,2025-05-05
CB0055,TXN000504,M0050,C00867,196.83,Service not as described,Resolved,2024-09-09,2024-10-08
CB0056,TXN000518,M0167,C00294,1221.93,Unauthorized transaction,Lost,2025-10-15,2025-11-03
CB0057,TXN000524,M0188,C00067,1084.2,Item not received,Resolved,2025-12-22,2026-01-22
CB0058,TXN000535,M0164,C00431,548.51,Fraud,Lost,2025-06-14,2025-06-21
CB0059,TXN000562,M0008,C00130,210.9,Fraud,Resolved,2024-12-10,2025-01-04
CB0060,TXN000570,M0063,C00322,930.72,Fraud,Resolved,2025-11-24,2025-12-29
CB0061,TXN000578,M0071,C00506,201.72,Fraud,Resolved,2024-09-28,2024-10-27
CB0062,TXN000580,M0159,C00108,121.97,Service not as described,Resolved,2025-03-24,2025-04-22
CB0063,TXN000587,M0063,C00077,2140.02,Service not as described,Lost,2025-08-23,2025-09-06
CB0064,TXN000588,M0055,C00500,1171.71,Fraud,Resolved,2024-02-01,2024-03-08
CB0065,TXN000609,M0029,C00421,1821.22,Duplicate charge,Resolved,2025-11-02,2025-11-09
CB0066,TXN000612,M0116,C00401,1698.47,Service not as described,Lost,2025-09-15,2025-09-28
CB0067,TXN000613,M0071,C00855,1449.84,Item not received,Lost,2026-03-15,2026-04-21
CB0068,TXN000620,M0009,C00433,2029.74,Item not received,Open,2025-12-14,2026-01-25
CB0069,TXN000626,M0197,C00806,353.61,Item not received,Resolved,2024-11-14,2024-12-10
CB0070,TXN000627,M0132,C00301,1359.32,Duplicate charge,Resolved,2025-07-03,2025-07-14
CB0071,TXN000631,M0190,C00991,1291.87,Fraud,Resolved,2025-10-07,2025-11-09
CB0072,TXN000632,M0058,C00007,778.95,Fraud,Resolved,2025-10-02,2025-10-13
CB0073,TXN000633,M0177,C00124,2.59,Unauthorized transaction,Resolved,2025-01-10,2025-02-17
CB0074,TXN000636,M0175,C00023,310.18,Fraud,Lost,2023-08-21,2023-09-24
CB0075,TXN000647,M0018,C00682,1832.86,Item not received,Resolved,2025-02-16,2025-02-21
CB0076,TXN000654,M0009,C00886,1936.53,Duplicate charge,Resolved,2024-08-11,2024-08-25
CB0077,TXN000669,M0036,C00377,2243.12,Fraud,Open,2025-02-09,2025-03-12
CB0078,TXN000690,M0164,C00284,148.82,Fraud,Resolved,2024-06-05,2024-06-19
CB0079,TXN000699,M0007,C00800,2020.57,Fraud,Resolved,2023-08-11,2023-08-20
CB0080,TXN000709,M0108,C00203,1236.77,Service not as described,Open,2024-02-09,2024-03-15
CB0081,TXN000714,M0190,C00855,1023.66,Service not as described,Resolved,2024-05-24,2024-06-14
CB0082,TXN000725,M0029,C00443,2112.25,Fraud,Resolved,2025-09-19,2025-10-15
CB0083,TXN000730,M0063,C00201,2180.61,Item not received,Open,2024-11-15,2024-12-29
CB0084,TXN000733,M0010,C00241,1534.41,Fraud,Lost,2025-02-24,2025-03-26
CB0085,TXN000741,M0115,C00799,2189.37,Unauthorized transaction,Resolved,2024-06-10,2024-06-20
CB0086,TXN000743,M0200,C00051,1915.62,Fraud,Resolved,2025-03-07,2025-04-02
CB0087,TXN000746,M0006,C00161,996.35,Fraud,Resolved,2025-06-10,2025-07-19
CB0088,TXN000747,M0007,C00768,1720.95,Fraud,Resolved,2024-08-24,2024-09-22
CB0089,TXN000774,M0071,C00222,9.17,Fraud,Resolved,2026-01-04,2026-01-29
CB0090,TXN000793,M0071,C00714,855.28,Fraud,Resolved,2025-09-01,2025-10-16
CB0091,TXN000799,M0090,C00852,1125.56,Service not as described,Lost,2025-01-03,2025-02-08
CB0092,TXN000805,M0087,C00479,2283.09,Item not received,Resolved,2025-01-27,2025-03-07
CB0093,TXN000818,M0154,C00046,577.11,Fraud,Resolved,2024-07-17,2024-07-24
CB0094,TXN000823,M0109,C00619,648.48,Fraud,Resolved,2025-10-17,2025-11-30
CB0095,TXN000825,M0137,C00957,378.09,Fraud,Resolved,2024-09-22,2024-10-01
CB0096,TXN000831,M0033,C00354,1234.89,Item not received,Resolved,2025-12-27,2026-01-16
CB0097,TXN000832,M0063,C00040,104.0,Fraud,Resolved,2024-08-12,2024-09-26
CB0098,TXN000843,M0066,C00647,2131.1,Unauthorized transaction,Open,2025-07-20,2025-08-12
CB0099,TXN000848,M0029,C00753,2162.57,Fraud,Resolved,2025-10-16,2025-11-04
CB0100,TXN000858,M0017,C00618,1154.3,Service not as described,Resolved,2024-01-06,2024-01-16
CB0101,TXN000863,M0094,C00439,1280.12,Item not received,Lost,2025-12-26,2026-01-27
CB0102,TXN000871,M0066,C00599,531.13,Duplicate charge,Resolved,2024-07-19,2024-07-30
CB0103,TXN000873,M0165,C00388,1253.99,Fraud,Resolved,2025-11-22,2026-01-06
CB0104,TXN000875,M0058,C00747,377.35,Fraud,Open,2025-06-23,2025-07-04
CB0105,TXN000893,M0041,C00486,815.89,Duplicate charge,Resolved,2024-10-27,2024-11-29
CB0106,TXN000909,M0132,C00517,1094.42,Duplicate charge,Resolved,2025-01-29,2025-02-13
CB0107,TXN000911,M0200,C00090,1996.98,Item not received,Lost,2024-10-13,2024-11-06
CB0108,TXN000914,M0200,C00849,1437.91,Fraud,Resolved,2024-03-20,2024-03-26
CB0109,TXN000920,M0007,C00455,2085.81,Item not received,Open,2024-08-17,2024-08-24
CB0110,TXN000922,M0024,C00167,1446.81,Fraud,Resolved,2025-02-13,2025-03-10
CB0111,TXN000950,M0137,C00171,1735.0,Item not received,Resolved,2025-08-09,2025-08-17
CB0112,TXN000957,M0036,C00156,1849.79,Fraud,Resolved,2024-03-21,2024-04-13
CB0113,TXN000961,M0029,C00709,1463.48,Service not as described,Open,2026-01-17,2026-02-13
CB0114,TXN000962,M0058,C00614,2494.02,Fraud,Resolved,2024-10-07,2024-11-04
CB0115,TXN000968,M0025,C00619,1451.35,Unauthorized transaction,Open,2024-08-29,2024-09-30
CB0116,TXN000977,M0194,C00346,2140.3,Fraud,Resolved,2024-12-30,2025-01-13
CB0117,TXN000981,M0137,C00980,2303.34,Service not as described,Resolved,2025-03-19,2025-04-08
CB0118,TXN000983,M0007,C00897,1738.46,Fraud,Resolved,2025-09-08,2025-10-16
CB0119,TXN000988,M0020,C00253,2150.21,Duplicate charge,Resolved,2025-08-24,2025-09-24
CB0120,TXN000997,M0151,C00166,161.41,Duplicate charge,Open,2023-06-06,2023-07-17
CB0121,TXN001000,M0179,C00364,859.88,Fraud,Resolved,2025-03-27,2025-04-12
CB0122,TXN001011,M0126,C00944,897.41,Duplicate charge,Open,2025-01-31,2025-02-15
CB0123,TXN001014,M0115,C00446,2360.76,Fraud,Resolved,2023-12-22,2024-01-07
CB0124,TXN001019,M0190,C00716,447.78,Item not received,Resolved,2024-01-14,2024-01-24
CB0125,TXN001021,M0053,C00211,41.44,Fraud,Resolved,2024-12-05,2025-01-18
CB0126,TXN001031,M0029,C00711,971.69,Item not received,Lost,2024-11-24,2024-12-23
CB0127,TXN001038,M0159,C00924,805.84,Fraud,Resolved,2024-01-23,2024-03-07
CB0128,TXN001046,M0107,C00373,1111.12,Item not received,Lost,2025-07-30,2025-08-19
CB0129,TXN001061,M0151,C00459,1103.74,Fraud,Resolved,2024-11-16,2024-12-22
CB0130,TXN001072,M0022,C00883,2014.17,Duplicate charge,Resolved,2024-04-15,2024-05-27
CB0131,TXN001081,M0083,C00616,1589.15,Duplicate charge,Resolved,2025-06-18,2025-07-02
CB0132,TXN001082,M0164,C00247,629.25,Duplicate charge,Resolved,2024-11-12,2024-12-01
CB0133,TXN001104,M0200,C00365,560.27,Fraud,Open,2025-11-03,2025-12-07
CB0134,TXN001121,M0007,C00205,1038.81,Fraud,Resolved,2026-01-15,2026-03-01
CB0135,TXN001124,M0069,C00773,972.58,Duplicate charge,Resolved,2024-04-29,2024-05-20
CB0136,TXN001126,M0115,C00190,1280.73,Fraud,Resolved,2025-03-27,2025-04-30
CB0137,TXN001132,M0158,C00012,80.42,Duplicate charge,Resolved,2025-12-30,2026-01-20
CB0138,TXN001152,M0188,C00403,988.91,Unauthorized transaction,Resolved,2025-06-02,2025-06-07
CB0139,TXN001173,M0180,C00681,220.39,Duplicate charge,Resolved,2024-04-13,2024-05-17
CB0140,TXN001175,M0147,C00383,1116.64,Fraud,Open,2025-08-11,2025-09-03
CB0141,TXN001178,M0029,C00902,1464.97,Fraud,Open,2024-06-16,2024-07-25
CB0142,TXN001186,M0008,C00150,214.39,Item not received,Resolved,2025-06-27,2025-07-12
CB0143,TXN001189,M0194,C00677,2308.83,Service not as described,Resolved,2025-11-19,2025-11-28
CB0144,TXN001212,M0053,C00700,195.7,Duplicate charge,Lost,2024-08-30,2024-10-02
CB0145,TXN001228,M0164,C00295,2457.18,Item not received,Resolved,2025-06-05,2025-07-02
CB0146,TXN001229,M0126,C00478,1816.27,Duplicate charge,Resolved,2024-06-07,2024-07-19
CB0147,TXN001230,M0091,C00258,2094.48,Service not as described,Lost,2025-05-30,2025-06-23
CB0148,TXN001246,M0141,C00168,528.51,Service not as described,Lost,2025-09-03,2025-10-18
CB0149,TXN001251,M0200,C00337,58.01,Fraud,Resolved,2024-07-08,2024-08-09
CB0150,TXN001266,M0058,C00712,2130.76,Fraud,Resolved,2024-12-25,2025-01-15
CB0151,TXN001279,M0175,C00911,1263.69,Item not received,Resolved,2025-09-12,2025-10-16
CB0152,TXN001329,M0110,C00466,1907.18,Unauthorized transaction,Open,2025-10-22,2025-11-15
CB0153,TXN001343,M0151,C00915,1608.44,Item not received,Lost,2023-06-17,2023-07-04
CB0154,TXN001348,M0007,C00198,1430.33,Service not as described,Open,2025-10-10,2025-11-08
CB0155,TXN001350,M0016,C00935,338.45,Item not received,Lost,2024-03-04,2024-04-08
CB0156,TXN001357,M0188,C00477,740.6,Duplicate charge,Resolved,2024-09-24,2024-10-05
CB0157,TXN001359,M0123,C00055,1781.84,Service not as described,Resolved,2025-01-08,2025-01-28
CB0158,TXN001366,M0022,C00084,1856.14,Item not received,Open,2025-01-26,2025-02-24
CB0159,TXN001368,M0007,C00814,783.83,Fraud,Resolved,2024-09-17,2024-10-28
CB0160,TXN001404,M0036,C00221,2037.83,Fraud,Lost,2024-12-19,2025-01-15
CB0161,TXN001406,M0066,C00533,2143.55,Fraud,Resolved,2024-02-20,2024-04-01
CB0162,TXN001409,M0200,C00907,2187.39,Item not received,Lost,2025-12-24,2026-01-16
CB0163,TXN001418,M0145,C00187,2008.71,Service not as described,Resolved,2023-08-14,2023-09-06
CB0164,TXN001420,M0197,C00778,2076.13,Service not as described,Resolved,2025-08-06,2025-08-12
CB0165,TXN001439,M0189,C00645,1020.96,Fraud,Lost,2025-12-18,2026-01-17
CB0166,TXN001441,M0070,C00167,1108.13,Service not as described,Resolved,2024-11-10,2024-12-02
CB0167,TXN001453,M0027,C00475,272.94,Item not received,Lost,2025-05-14,2025-05-19
CB0168,TXN001456,M0147,C00704,2074.79,Fraud,Resolved,2024-12-26,2025-02-05
CB0169,TXN001462,M0162,C00696,400.14,Fraud,Lost,2025-02-02,2025-02-10
CB0170,TXN001481,M0190,C00888,979.98,Unauthorized transaction,Resolved,2024-12-11,2025-01-23
CB0171,TXN001483,M0137,C00352,1209.55,Item not received,Resolved,2025-11-21,2025-12-27
CB0172,TXN001499,M0036,C00915,1276.75,Fraud,Resolved,2025-02-16,2025-03-11
CB0173,TXN001513,M0137,C00467,1297.91,Unauthorized transaction,Open,2024-04-25,2024-05-14
CB0174,TXN001516,M0024,C00568,1135.3,Duplicate charge,Resolved,2025-04-14,2025-05-27
CB0175,TXN001535,M0083,C00977,868.85,Unauthorized transaction,Resolved,2026-02-23,2026-03-22
CB0176,TXN001558,M0009,C00927,44.61,Unauthorized transaction,Resolved,2025-01-18,2025-02-06
CB0177,TXN001564,M0196,C00014,1060.95,Duplicate charge,Open,2024-09-07,2024-10-22
CB0178,TXN001569,M0007,C00541,456.36,Item not received,Open,2024-01-30,2024-02-16
CB0179,TXN001573,M0017,C00020,347.71,Service not as described,Lost,2025-05-31,2025-07-14
CB0180,TXN001575,M0194,C00479,1118.71,Fraud,Resolved,2023-11-26,2023-12-17
CB0181,TXN001576,M0010,C00787,658.58,Fraud,Resolved,2025-06-22,2025-07-05
CB0182,TXN001590,M0188,C00678,1470.15,Duplicate charge,Open,2025-07-25,2025-09-08
CB0183,TXN001605,M0027,C00779,2453.11,Item not received,Open,2025-01-19,2025-01-30
CB0184,TXN001607,M0137,C00902,1255.77,Duplicate charge,Resolved,2025-09-01,2025-10-16
CB0185,TXN001610,M0151,C00615,895.97,Duplicate charge,Resolved,2024-11-27,2024-12-04
CB0186,TXN001618,M0070,C00108,1035.71,Fraud,Resolved,2025-12-16,2026-01-09
CB0187,TXN001620,M0159,C00451,991.08,Unauthorized transaction,Resolved,2025-07-28,2025-08-30
CB0188,TXN001622,M0081,C00696,1535.21,Service not as described,Resolved,2024-12-21,2024-12-28
CB0189,TXN001639,M0016,C00406,273.1,Duplicate charge,Resolved,2024-09-19,2024-10-31
CB0190,TXN001651,M0126,C00389,2169.36,Item not received,Open,2025-12-18,2026-01-15
CB0191,TXN001661,M0189,C00541,1449.25,Fraud,Resolved,2025-07-10,2025-07-23
CB0192,TXN001666,M0027,C00402,1649.68,Fraud,Open,2025-03-28,2025-04-07
CB0193,TXN001672,M0024,C00297,1811.95,Item not received,Lost,2023-03-03,2023-03-26
CB0194,TXN001675,M0009,C00856,1933.3,Unauthorized transaction,Resolved,2024-01-23,2024-02-17
CB0195,TXN001708,M0034,C00424,2391.48,Duplicate charge,Resolved,2023-05-21,2023-06-21
CB0196,TXN001718,M0041,C00035,1823.64,Duplicate charge,Resolved,2025-05-29,2025-06-14
CB0197,TXN001720,M0027,C00520,2491.96,Unauthorized transaction,Resolved,2024-11-29,2024-12-16
CB0198,TXN001752,M0002,C00663,1751.81,Duplicate charge,Resolved,2025-02-13,2025-02-26
CB0199,TXN001765,M0033,C00732,2446.74,Service not as described,Resolved,2025-01-28,2025-03-08
CB0200,TXN001767,M0063,C00134,105.97,Fraud,Resolved,2024-11-22,2024-12-20
CB0201,TXN001770,M0025,C00668,1920.34,Fraud,Resolved,2025-09-03,2025-10-11
CB0202,TXN001786,M0035,C00375,2435.34,Item not received,Resolved,2024-03-23,2024-04-29
CB0203,TXN001801,M0008,C00544,1827.85,Duplicate charge,Lost,2025-08-11,2025-09-02
CB0204,TXN001812,M0007,C00127,2419.23,Fraud,Resolved,2025-01-30,2025-02-14
CB0205,TXN001831,M0061,C00973,789.85,Fraud,Lost,2025-03-10,2025-03-31
CB0206,TXN001846,M0162,C00392,1507.54,Service not as described,Resolved,2025-09-03,2025-10-08
CB0207,TXN001857,M0090,C00212,404.85,Unauthorized transaction,Lost,2025-07-27,2025-08-19
CB0208,TXN001859,M0196,C00674,873.33,Item not received,Resolved,2025-04-05,2025-05-01
CB0209,TXN001870,M0072,C00152,762.71,Service not as described,Resolved,2025-02-19,2025-03-03
CB0210,TXN001887,M0147,C00225,2194.84,Item not received,Resolved,2024-08-22,2024-09-25
CB0211,TXN001893,M0033,C00596,172.58,Fraud,Lost,2025-07-12,2025-07-21
CB0212,TXN001894,M0024,C00136,2394.14,Fraud,Lost,2025-03-20,2025-04-03
CB0213,TXN001897,M0028,C00052,2156.01,Item not received,Lost,2024-09-05,2024-09-24
CB0214,TXN001898,M0164,C00808,2181.31,Fraud,Resolved,2025-04-12,2025-05-12
CB0215,TXN001902,M0147,C00049,327.15,Item not received,Open,2024-02-19,2024-03-30
CB0216,TXN001905,M0162,C00635,882.92,Fraud,Resolved,2024-11-25,2024-12-23
CB0217,TXN001906,M0178,C00783,797.55,Service not as described,Lost,2026-01-29,2026-02-08
CB0218,TXN001907,M0027,C00767,2263.53,Fraud,Resolved,2024-12-30,2025-01-29
CB0219,TXN001910,M0050,C00201,6.27,Service not as described,Open,2025-03-10,2025-03-15
CB0220,TXN001915,M0041,C00464,1036.75,Duplicate charge,Resolved,2025-02-09,2025-03-02
CB0221,TXN001925,M0025,C00934,1873.59,Duplicate charge,Resolved,2025-06-12,2025-07-21
CB0222,TXN001927,M0027,C00551,1328.27,Fraud,Resolved,2025-03-25,2025-04-06
CB0223,TXN001933,M0047,C00627,162.25,Item not received,Resolved,2024-09-21,2024-10-25
CB0224,TXN001943,M0063,C00904,1390.64,Unauthorized transaction,Lost,2026-02-22,2026-03-22
CB0225,TXN001952,M0064,C00420,1169.05,Fraud,Resolved,2025-02-18,2025-03-11
CB0226,TXN001964,M0162,C00547,1833.36,Item not received,Resolved,2024-07-17,2024-08-28
CB0227,TXN001994,M0029,C00826,892.63,Duplicate charge,Open,2024-09-21,2024-10-20
CB0228,TXN002012,M0190,C00764,449.93,Fraud,Resolved,2024-03-26,2024-05-10
CB0229,TXN002033,M0062,C00899,466.88,Service not as described,Resolved,2025-02-20,2025-03-20
CB0230,TXN002035,M0062,C00558,1143.7,Fraud,Resolved,2025-10-10,2025-10-21
CB0231,TXN002047,M0069,C00983,2419.67,Fraud,Resolved,2024-09-28,2024-10-17
CB0232,TXN002050,M0167,C00415,558.06,Fraud,Resolved,2024-12-14,2025-01-18
CB0233,TXN002053,M0033,C00041,663.11,Unauthorized transaction,Resolved,2025-04-26,2025-05-02
CB0234,TXN002070,M0182,C00114,1981.39,Fraud,Resolved,2025-09-25,2025-11-08
CB0235,TXN002081,M0066,C00527,1978.43,Item not received,Resolved,2025-08-14,2025-09-23
CB0236,TXN002082,M0033,C00513,2497.82,Unauthorized transaction,Resolved,2025-04-06,2025-05-01
CB0237,TXN002085,M0022,C00744,128.25,Service not as described,Resolved,2023-11-23,2024-01-06
CB0238,TXN002102,M0083,C00385,1029.26,Service not as described,Open,2025-05-17,2025-06-05
CB0239,TXN002103,M0153,C00415,2226.7,Item not received,Lost,2025-08-25,2025-09-03
CB0240,TXN002110,M0142,C00072,292.7,Item not received,Resolved,2024-03-04,2024-04-18
CB0241,TXN002112,M0009,C00437,434.3,Fraud,Lost,2025-09-05,2025-10-09
CB0242,TXN002139,M0141,C00014,2019.45,Service not as described,Resolved,2024-05-30,2024-06-23
CB0243,TXN002150,M0115,C00187,267.34,Item not received,Resolved,2025-01-02,2025-02-02
CB0244,TXN002153,M0032,C00685,1973.88,Item not received,Lost,2025-10-11,2025-10-23
CB0245,TXN002160,M0007,C00829,270.07,Fraud,Resolved,2026-02-04,2026-02-17
CB0246,TXN002164,M0031,C00503,650.79,Unauthorized transaction,Resolved,2025-01-13,2025-01-20
CB0247,TXN002176,M0110,C00700,1114.69,Item not received,Open,2023-05-13,2023-05-20
CB0248,TXN002181,M0067,C00855,65.93,Service not as described,Open,2023-06-18,2023-07-12
CB0249,TXN002185,M0041,C00852,1761.9,Duplicate charge,Resolved,2025-06-17,2025-07-23
CB0250,TXN002204,M0043,C00501,891.35,Duplicate charge,Lost,2025-09-03,2025-09-15
CB0251,TXN002213,M0104,C00712,1387.07,Item not received,Lost,2024-08-25,2024-09-05
CB0252,TXN002225,M0147,C00276,1855.21,Fraud,Resolved,2025-07-07,2025-07-27
CB0253,TXN002228,M0164,C00872,1666.31,Fraud,Resolved,2024-04-10,2024-05-19
CB0254,TXN002233,M0061,C00098,2465.48,Fraud,Lost,2025-07-24,2025-08-06
CB0255,TXN002237,M0104,C00129,1271.02,Service not as described,Open,2024-07-11,2024-08-09
CB0256,TXN002238,M0200,C00653,2310.13,Item not received,Lost,2025-10-16,2025-11-19
CB0257,TXN002259,M0145,C00173,1744.09,Item not received,Resolved,2025-04-29,2025-05-27
CB0258,TXN002262,M0066,C00896,2493.59,Duplicate charge,Lost,2025-01-07,2025-02-15
CB0259,TXN002266,M0190,C00329,978.56,Fraud,Resolved,2023-07-15,2023-08-15
CB0260,TXN002273,M0147,C00171,1133.4,Duplicate charge,Open,2023-12-07,2024-01-18
CB0261,TXN002289,M0024,C00843,2305.33,Unauthorized transaction,Resolved,2024-12-12,2024-12-26
CB0262,TXN002301,M0008,C00887,81.04,Fraud,Resolved,2024-06-17,2024-07-18
CB0263,TXN002315,M0011,C00514,1746.76,Duplicate charge,Resolved,2025-09-25,2025-10-06
CB0264,TXN002316,M0113,C00410,43.13,Fraud,Resolved,2023-09-30,2023-11-05
CB0265,TXN002321,M0035,C00189,467.02,Service not as described,Lost,2024-03-30,2024-05-13
CB0266,TXN002338,M0063,C00959,1540.18,Service not as described,Resolved,2025-01-27,2025-02-27
CB0267,TXN002339,M0147,C00751,1894.84,Service not as described,Resolved,2024-06-20,2024-07-12
CB0268,TXN002348,M0002,C00074,192.85,Item not received,Lost,2025-11-29,2025-12-06
CB0269,TXN002360,M0024,C00888,1094.73,Service not as described,Resolved,2023-12-27,2024-01-24
CB0270,TXN002382,M0119,C00831,739.95,Item not received,Resolved,2025-07-01,2025-07-19
CB0271,TXN002389,M0194,C00065,329.88,Item not received,Open,2026-02-11,2026-03-16
CB0272,TXN002406,M0012,C00258,457.95,Duplicate charge,Resolved,2024-08-19,2024-09-21
CB0273,TXN002417,M0182,C00019,332.86,Service not as described,Lost,2024-06-16,2024-07-06
CB0274,TXN002434,M0188,C00411,640.41,Duplicate charge,Resolved,2026-03-02,2026-03-30
CB0275,TXN002442,M0071,C00534,967.57,Duplicate charge,Resolved,2026-03-15,2026-03-26
CB0276,TXN002462,M0165,C00109,1286.97,Duplicate charge,Resolved,2023-04-06,2023-05-04
CB0277,TXN002470,M0035,C00462,552.11,Service not as described,Resolved,2025-09-21,2025-10-30
CB0278,TXN002472,M0010,C00732,2060.25,Fraud,Resolved,2024-11-24,2024-12-21
CB0279,TXN002484,M0143,C00282,1517.72,Item not received,Resolved,2024-08-24,2024-09-01
CB0280,TXN002485,M0170,C00048,1519.66,Service not as described,Resolved,2025-07-07,2025-08-06
CB0281,TXN002486,M0012,C00883,1151.95,Duplicate charge,Resolved,2024-10-27,2024-11-18
CB0282,TXN002489,M0175,C00131,1691.11,Item not received,Resolved,2024-03-10,2024-03-27
CB0283,TXN002490,M0135,C00529,1689.57,Item not received,Resolved,2025-03-26,2025-04-07
CB0284,TXN002515,M0036,C00831,2288.39,Item not received,Resolved,2025-08-01,2025-09-04
CB0285,TXN002516,M0033,C00603,2447.17,Duplicate charge,Resolved,2023-04-18,2023-04-28
CB0286,TXN002529,M0075,C00714,895.6,Fraud,Open,2025-12-31,2026-01-18
CB0287,TXN002530,M0135,C00138,2060.19,Duplicate charge,Resolved,2025-12-08,2026-01-22
CB0288,TXN002535,M0162,C00468,1996.58,Item not received,Resolved,2025-12-05,2026-01-17
CB0289,TXN002538,M0063,C00013,450.07,Unauthorized transaction,Lost,2023-12-15,2023-12-21
CB0290,TXN002541,M0025,C00106,1010.78,Fraud,Resolved,2023-08-16,2023-08-24
CB0291,TXN002554,M0104,C00783,2118.04,Fraud,Open,2025-09-19,2025-10-15
CB0292,TXN002572,M0151,C00269,540.04,Unauthorized transaction,Lost,2025-03-02,2025-03-22
CB0293,TXN002575,M0058,C00979,1501.21,Item not received,Open,2025-08-08,2025-08-21
CB0294,TXN002578,M0056,C00211,2083.49,Duplicate charge,Resolved,2025-04-16,2025-05-27
CB0295,TXN002583,M0039,C00949,2204.55,Service not as described,Resolved,2026-01-03,2026-01-21
CB0296,TXN002606,M0029,C00664,2467.1,Fraud,Resolved,2025-08-12,2025-08-21
CB0297,TXN002619,M0020,C00523,1898.24,Duplicate charge,Resolved,2024-07-18,2024-08-27
CB0298,TXN002620,M0074,C00905,2000.17,Service not as described,Lost,2024-06-11,2024-06-29
CB0299,TXN002636,M0029,C00615,618.38,Fraud,Resolved,2023-05-27,2023-07-08
CB0300,TXN002641,M0135,C00144,700.64,Duplicate charge,Lost,2025-07-02,2025-07-20
CB0301,TXN002653,M0187,C00395,1857.89,Service not as described,Resolved,2025-07-18,2025-08-06
CB0302,TXN002658,M0033,C00664,1385.55,Fraud,Resolved,2024-11-23,2024-12-19
CB0303,TXN002660,M0063,C00697,978.5,Fraud,Resolved,2025-07-15,2025-07-29
CB0304,TXN002678,M0158,C00276,540.74,Duplicate charge,Lost,2024-03-10,2024-04-22
CB0305,TXN002706,M0189,C00891,401.68,Item not received,Open,2025-07-22,2025-07-27
CB0306,TXN002707,M0008,C00660,938.87,Fraud,Resolved,2025-06-28,2025-07-20
CB0307,TXN002708,M0151,C00379,1100.73,Duplicate charge,Open,2024-07-07,2024-07-21
CB0308,TXN002709,M0062,C00168,1484.18,Item not received,Resolved,2025-05-10,2025-05-23
CB0309,TXN002715,M0190,C00967,316.64,Fraud,Resolved,2025-01-04,2025-02-12
CB0310,TXN002725,M0104,C00698,104.13,Item not received,Lost,2024-08-31,2024-09-21
CB0311,TXN002736,M0063,C00874,1034.39,Fraud,Resolved,2025-09-17,2025-10-03
CB0312,TXN002743,M0061,C00613,1639.5,Service not as described,Open,2024-10-10,2024-10-22
CB0313,TXN002780,M0066,C00214,1358.02,Duplicate charge,Resolved,2025-09-12,2025-09-18
CB0314,TXN002799,M0118,C00390,1379.52,Item not received,Resolved,2024-04-11,2024-04-24
CB0315,TXN002800,M0029,C00198,910.28,Service not as described,Resolved,2024-10-11,2024-10-16
CB0316,TXN002808,M0151,C00853,1428.62,Fraud,Open,2025-08-06,2025-09-02
CB0317,TXN002811,M0033,C00693,1809.63,Unauthorized transaction,Resolved,2024-06-29,2024-07-19
CB0318,TXN002817,M0152,C00088,1572.71,Fraud,Resolved,2025-04-10,2025-05-22
CB0319,TXN002822,M0029,C00055,1714.06,Item not received,Resolved,2024-04-16,2024-05-11
CB0320,TXN002827,M0066,C00007,28.35,Fraud,Resolved,2026-01-27,2026-02-02
CB0321,TXN002829,M0164,C00464,1487.13,Fraud,Resolved,2024-09-28,2024-10-14
CB0322,TXN002837,M0107,C00697,1344.83,Duplicate charge,Resolved,2025-05-29,2025-06-19
CB0323,TXN002838,M0063,C00724,1165.98,Fraud,Resolved,2025-05-05,2025-05-13
CB0324,TXN002840,M0200,C00248,24.57,Unauthorized transaction,Lost,2024-03-19,2024-04-01
CB0325,TXN002856,M0200,C00700,697.56,Item not received,Resolved,2024-05-22,2024-06-22
CB0326,TXN002857,M0103,C00591,2107.74,Fraud,Resolved,2025-04-04,2025-05-12
CB0327,TXN002868,M0091,C00429,2167.17,Service not as described,Resolved,2024-09-28,2024-10-10
CB0328,TXN002878,M0162,C00351,807.09,Fraud,Resolved,2025-05-15,2025-05-24
CB0329,TXN002891,M0025,C00690,2027.37,Duplicate charge,Resolved,2024-06-11,2024-07-16
CB0330,TXN002900,M0007,C00186,959.87,Fraud,Resolved,2024-04-07,2024-05-10
CB0331,TXN002901,M0152,C00392,2392.13,Service not as described,Lost,2024-10-01,2024-10-29
CB0332,TXN002915,M0151,C00218,1377.32,Fraud,Resolved,2025-12-26,2026-02-01
CB0333,TXN002916,M0190,C00461,1292.07,Fraud,Lost,2023-11-19,2023-12-31
CB0334,TXN002920,M0027,C00746,2073.6,Item not received,Resolved,2025-02-14,2025-02-25
CB0335,TXN002937,M0060,C00228,1686.48,Duplicate charge,Resolved,2025-12-17,2026-01-19
CB0336,TXN002947,M0016,C00285,1794.77,Duplicate charge,Resolved,2024-06-09,2024-07-16
CB0337,TXN002951,M0010,C00081,2139.03,Fraud,Resolved,2025-02-20,2025-03-11
CB0338,TXN002952,M0189,C00845,2474.03,Fraud,Open,2025-12-21,2026-02-03
CB0339,TXN002955,M0071,C00460,781.62,Item not received,Lost,2025-04-03,2025-04-10
CB0340,TXN002976,M0188,C00395,164.91,Fraud,Lost,2025-02-24,2025-04-03
CB0341,TXN002979,M0189,C00927,1288.74,Fraud,Lost,2024-08-20,2024-09-13
CB0342,TXN002988,M0024,C00720,1885.0,Item not received,Resolved,2026-01-08,2026-02-11
CB0343,TXN002991,M0164,C00583,1955.95,Duplicate charge,Resolved,2024-10-10,2024-10-16
CB0344,TXN002997,M0090,C00046,467.7,Service not as described,Lost,2025-06-13,2025-06-21
CB0345,TXN002998,M0165,C00529,370.68,Service not as described,Resolved,2024-12-07,2025-01-11
CB0346,TXN003004,M0131,C00436,1820.69,Service not as described,Resolved,2026-03-09,2026-04-08
CB0347,TXN003006,M0036,C00745,222.74,Fraud,Lost,2024-12-19,2025-01-20
CB0348,TXN003017,M0063,C00352,1093.38,Item not received,Resolved,2025-03-28,2025-04-08
CB0349,TXN003025,M0109,C00807,672.38,Duplicate charge,Resolved,2024-04-17,2024-05-23
CB0350,TXN003031,M0043,C00533,1384.36,Service not as described,Resolved,2024-09-23,2024-10-26
CB0351,TXN003047,M0053,C00533,690.79,Item not received,Open,2025-11-26,2025-12-05
CB0352,TXN003054,M0029,C00235,632.52,Fraud,Resolved,2024-03-08,2024-03-18
CB0353,TXN003057,M0058,C00317,2416.09,Item not received,Resolved,2023-04-15,2023-05-10
CB0354,TXN003058,M0137,C00322,1170.31,Item not received,Resolved,2025-03-19,2025-05-01
CB0355,TXN003067,M0156,C00695,196.89,Duplicate charge,Open,2026-02-08,2026-02-22
CB0356,TXN003085,M0079,C00280,2409.49,Item not received,Resolved,2025-05-31,2025-06-09
CB0357,TXN003107,M0036,C00026,1429.54,Fraud,Resolved,2024-07-08,2024-07-21
CB0358,TXN003118,M0152,C00119,1121.92,Unauthorized transaction,Lost,2024-06-01,2024-06-23
CB0359,TXN003124,M0137,C00743,1753.02,Unauthorized transaction,Lost,2024-12-03,2025-01-16
CB0360,TXN003140,M0168,C00331,1095.52,Duplicate charge,Open,2023-09-27,2023-11-11
CB0361,TXN003144,M0066,C00543,2407.81,Item not received,Resolved,2025-12-04,2026-01-15
CB0362,TXN003155,M0175,C00741,1641.07,Duplicate charge,Lost,2026-02-18,2026-03-30
CB0363,TXN003158,M0200,C00459,1015.87,Item not received,Open,2024-11-12,2024-12-07
CB0364,TXN003160,M0189,C00976,1433.23,Item not received,Resolved,2025-11-23,2025-12-22
CB0365,TXN003177,M0058,C00938,109.92,Fraud,Resolved,2024-08-08,2024-09-20
CB0366,TXN003188,M0041,C00780,607.79,Item not received,Resolved,2024-11-22,2024-12-30
CB0367,TXN003189,M0158,C00489,2279.21,Duplicate charge,Lost,2024-03-24,2024-04-16
CB0368,TXN003214,M0061,C00447,2185.32,Fraud,Open,2025-09-30,2025-11-03
CB0369,TXN003217,M0178,C00784,2333.35,Duplicate charge,Lost,2025-04-24,2025-05-31
CB0370,TXN003218,M0028,C00751,713.11,Item not received,Resolved,2024-12-29,2025-02-10
CB0371,TXN003222,M0188,C00431,2043.71,Fraud,Resolved,2024-05-20,2024-06-21
CB0372,TXN003232,M0109,C00815,115.97,Item not received,Resolved,2024-11-02,2024-11-13
CB0373,TXN003239,M0007,C00520,741.23,Fraud,Open,2024-08-29,2024-09-10
CB0374,TXN003242,M0055,C00539,1984.4,Fraud,Lost,2025-08-30,2025-10-09
CB0375,TXN003244,M0058,C00449,2434.21,Item not received,Resolved,2025-07-09,2025-07-27
CB0376,TXN003256,M0061,C00076,919.06,Service not as described,Resolved,2024-04-09,2024-05-11
CB0377,TXN003257,M0009,C00125,953.17,Fraud,Resolved,2025-02-20,2025-03-25
CB0378,TXN003270,M0159,C00004,2302.97,Item not received,Resolved,2025-10-02,2025-10-21
CB0379,TXN003273,M0110,C00570,2350.91,Item not received,Open,2025-02-28,2025-03-31
CB0380,TXN003275,M0104,C00330,1018.99,Item not received,Resolved,2025-01-24,2025-02-19
CB0381,TXN003276,M0010,C00974,155.93,Service not as described,Resolved,2025-11-16,2025-12-20
CB0382,TXN003279,M0104,C00480,2303.58,Service not as described,Lost,2024-04-01,2024-05-01
CB0383,TXN003282,M0147,C00945,696.88,Fraud,Lost,2024-11-04,2024-12-05
CB0384,TXN003285,M0180,C00492,573.96,Item not received,Lost,2025-03-05,2025-03-16
CB0385,TXN003286,M0055,C00776,2267.41,Fraud,Resolved,2026-03-08,2026-04-02
CB0386,TXN003287,M0159,C00357,963.36,Item not received,Resolved,2026-01-21,2026-02-22
CB0387,TXN003300,M0102,C00130,2412.28,Duplicate charge,Open,2023-11-22,2023-12-17
CB0388,TXN003320,M0029,C00227,774.5,Fraud,Resolved,2026-03-09,2026-03-30
CB0389,TXN003329,M0196,C00261,2404.27,Duplicate charge,Resolved,2024-11-12,2024-12-10
CB0390,TXN003342,M0182,C00049,2193.09,Item not received,Resolved,2025-02-12,2025-02-26
CB0391,TXN003360,M0071,C00931,2423.5,Item not received,Open,2025-12-04,2026-01-08
CB0392,TXN003364,M0189,C00614,1108.78,Fraud,Open,2026-03-02,2026-03-11
CB0393,TXN003370,M0132,C00134,1082.98,Duplicate charge,Open,2025-04-16,2025-04-26
CB0394,TXN003380,M0029,C00175,1008.97,Duplicate charge,Open,2025-09-03,2025-09-13
CB0395,TXN003427,M0176,C00449,1890.33,Unauthorized transaction,Resolved,2025-09-17,2025-09-27
CB0396,TXN003434,M0006,C00002,2327.58,Unauthorized transaction,Resolved,2024-05-29,2024-06-30
CB0397,TXN003437,M0109,C00464,1830.69,Item not received,Open,2024-02-29,2024-03-11
CB0398,TXN003440,M0008,C00296,122.54,Fraud,Resolved,2025-01-14,2025-02-11
CB0399,TXN003451,M0071,C00979,89.56,Fraud,Resolved,2025-03-21,2025-04-03
CB0400,TXN003453,M0007,C00265,1395.71,Fraud,Lost,2025-02-21,2025-04-02
CB0401,TXN003458,M0014,C00282,1808.72,Duplicate charge,Resolved,2025-01-10,2025-01-18
CB0402,TXN003464,M0027,C00814,2297.33,Unauthorized transaction,Resolved,2024-05-07,2024-06-18
CB0403,TXN003469,M0002,C00596,2487.8,Fraud,Resolved,2023-08-08,2023-09-17
CB0404,TXN003470,M0107,C00187,822.41,Item not received,Resolved,2024-05-13,2024-06-22
CB0405,TXN003475,M0008,C00888,1534.19,Duplicate charge,Open,2025-02-23,2025-03-21
CB0406,TXN003479,M0049,C00079,2016.69,Item not received,Lost,2025-06-22,2025-07-04
CB0407,TXN003486,M0138,C00460,2102.14,Item not received,Resolved,2025-04-11,2025-05-12
CB0408,TXN003494,M0194,C00436,1202.15,Fraud,Open,2025-01-04,2025-01-31
CB0409,TXN003499,M0088,C00809,1027.84,Duplicate charge,Resolved,2025-12-19,2026-01-20
CB0410,TXN003502,M0164,C00401,1613.2,Item not received,Resolved,2026-01-12,2026-01-20
CB0411,TXN003507,M0152,C00423,1055.81,Unauthorized transaction,Resolved,2025-04-23,2025-05-16
CB0412,TXN003515,M0091,C01000,859.79,Duplicate charge,Lost,2025-03-09,2025-04-21
CB0413,TXN003527,M0010,C00586,1650.94,Item not received,Resolved,2025-05-20,2025-06-13
CB0414,TXN003529,M0035,C00417,2260.83,Unauthorized transaction,Resolved,2024-11-04,2024-12-01
CB0415,TXN003532,M0178,C00506,1368.29,Duplicate charge,Resolved,2025-02-16,2025-02-27
CB0416,TXN003578,M0049,C00793,650.91,Service not as described,Lost,2023-09-06,2023-10-17
CB0417,TXN003579,M0071,C00764,1406.03,Fraud,Resolved,2025-08-05,2025-09-11
CB0418,TXN003586,M0150,C00729,1686.21,Duplicate charge,Resolved,2024-04-21,2024-05-09
CB0419,TXN003589,M0175,C00415,1591.55,Item not received,Resolved,2024-10-25,2024-11-08
CB0420,TXN003597,M0187,C00308,2472.14,Item not received,Resolved,2024-11-24,2024-12-29
CB0421,TXN003623,M0103,C00505,2326.93,Duplicate charge,Lost,2025-09-27,2025-10-16
CB0422,TXN003650,M0189,C00761,1679.52,Fraud,Open,2024-07-18,2024-07-29
CB0423,TXN003651,M0189,C00847,1154.36,Service not as described,Open,2024-05-10,2024-06-06
CB0424,TXN003660,M0112,C00706,2285.63,Service not as described,Lost,2025-01-23,2025-03-04
CB0425,TXN003670,M0002,C00430,525.92,Duplicate charge,Resolved,2024-09-25,2024-10-23
CB0426,TXN003674,M0175,C00419,2447.64,Unauthorized transaction,Open,2024-01-16,2024-01-28
CB0427,TXN003676,M0081,C00866,539.11,Service not as described,Resolved,2023-03-06,2023-03-28
CB0428,TXN003677,M0183,C00528,5.67,Item not received,Resolved,2025-01-21,2025-03-03
CB0429,TXN003682,M0010,C00758,1440.03,Fraud,Resolved,2023-07-02,2023-07-21
CB0430,TXN003685,M0182,C00959,1789.18,Duplicate charge,Open,2025-05-04,2025-06-05
CB0431,TXN003707,M0075,C00454,2324.96,Service not as described,Open,2024-07-15,2024-08-24
CB0432,TXN003709,M0022,C00991,241.58,Item not received,Resolved,2024-01-27,2024-03-11
CB0433,TXN003710,M0036,C00689,310.85,Item not received,Open,2025-12-19,2026-02-01
CB0434,TXN003718,M0159,C00111,2196.73,Service not as described,Resolved,2025-06-11,2025-07-21
CB0435,TXN003744,M0116,C00095,2105.4,Item not received,Resolved,2025-12-07,2025-12-13
CB0436,TXN003746,M0190,C00642,2034.77,Fraud,Resolved,2024-09-22,2024-11-04
CB0437,TXN003748,M0030,C00223,385.73,Item not received,Lost,2023-07-09,2023-07-31
CB0438,TXN003753,M0002,C00781,1008.22,Duplicate charge,Lost,2026-03-11,2026-03-17
CB0439,TXN003781,M0159,C00371,2111.01,Fraud,Open,2025-11-02,2025-11-18
CB0440,TXN003787,M0055,C00173,680.68,Service not as described,Resolved,2025-07-29,2025-08-20
CB0441,TXN003790,M0067,C00358,2431.19,Unauthorized transaction,Open,2025-09-16,2025-10-10
CB0442,TXN003791,M0071,C00654,800.99,Duplicate charge,Resolved,2024-10-14,2024-11-09
CB0443,TXN003800,M0027,C00236,355.03,Fraud,Resolved,2024-07-16,2024-08-12
CB0444,TXN003801,M0162,C00479,2227.4,Service not as described,Resolved,2024-12-17,2024-12-22
CB0445,TXN003806,M0133,C00481,1155.06,Duplicate charge,Resolved,2025-08-05,2025-08-21
CB0446,TXN003817,M0175,C00993,1328.44,Item not received,Resolved,2026-03-05,2026-03-19
CB0447,TXN003829,M0175,C00888,410.47,Fraud,Resolved,2024-06-25,2024-08-05
CB0448,TXN003840,M0187,C00514,2112.8,Duplicate charge,Open,2025-07-17,2025-08-16
CB0449,TXN003843,M0035,C00244,1019.54,Duplicate charge,Resolved,2024-03-10,2024-03-19
CB0450,TXN003864,M0010,C00359,1295.34,Item not received,Resolved,2025-03-31,2025-04-14
CB0451,TXN003868,M0063,C00686,464.39,Fraud,Open,2024-10-23,2024-12-07
CB0452,TXN003870,M0137,C00533,710.11,Service not as described,Resolved,2025-08-29,2025-09-04
CB0453,TXN003899,M0020,C00084,910.67,Service not as described,Resolved,2024-05-01,2024-05-11
CB0454,TXN003921,M0052,C00717,1206.28,Service not as described,Resolved,2024-06-01,2024-07-09
CB0455,TXN003928,M0190,C00719,1408.1,Fraud,Resolved,2025-11-06,2025-11-24
CB0456,TXN003930,M0197,C00217,1627.02,Item not received,Lost,2025-07-01,2025-07-30
CB0457,TXN003937,M0190,C00021,1091.68,Item not received,Lost,2024-06-16,2024-07-17
CB0458,TXN003938,M0007,C00070,2096.5,Item not received,Resolved,2024-09-28,2024-11-01
CB0459,TXN003960,M0075,C00820,578.82,Unauthorized transaction,Open,2024-11-16,2024-12-12
CB0460,TXN003979,M0001,C00813,578.21,Duplicate charge,Resolved,2025-05-17,2025-06-01
CB0461,TXN004002,M0075,C00745,2335.38,Item not received,Resolved,2024-09-13,2024-10-11
CB0462,TXN004029,M0194,C00752,27.02,Fraud,Resolved,2024-05-05,2024-05-29
CB0463,TXN004034,M0190,C00452,302.21,Fraud,Open,2025-05-22,2025-06-16
CB0464,TXN004036,M0079,C00017,2476.35,Duplicate charge,Resolved,2025-08-08,2025-09-18
CB0465,TXN004059,M0093,C00188,480.06,Service not as described,Open,2025-04-04,2025-05-17
CB0466,TXN004066,M0190,C00948,351.75,Fraud,Resolved,2025-07-06,2025-07-16
CB0467,TXN004070,M0066,C00844,317.39,Fraud,Resolved,2025-06-26,2025-07-04
CB0468,TXN004112,M0186,C00698,1233.8,Item not received,Resolved,2023-10-16,2023-10-30
CB0469,TXN004115,M0027,C00785,2039.71,Unauthorized transaction,Resolved,2025-07-18,2025-08-02
CB0470,TXN004124,M0194,C00258,486.29,Fraud,Resolved,2025-05-29,2025-07-12
CB0471,TXN004150,M0118,C00459,726.02,Item not received,Resolved,2024-11-09,2024-11-17
CB0472,TXN004157,M0121,C00399,1242.05,Fraud,Resolved,2024-07-19,2024-07-29
CB0473,TXN004168,M0062,C00929,1093.07,Duplicate charge,Open,2024-03-21,2024-04-12
CB0474,TXN004173,M0045,C00591,343.04,Fraud,Resolved,2024-03-03,2024-04-05
CB0475,TXN004175,M0036,C00524,725.45,Service not as described,Open,2025-12-03,2026-01-04
CB0476,TXN004192,M0050,C00725,2341.17,Item not received,Open,2024-11-07,2024-12-13
CB0477,TXN004200,M0135,C00445,2415.34,Duplicate charge,Resolved,2025-06-01,2025-07-14
CB0478,TXN004201,M0187,C00899,2466.54,Fraud,Open,2025-01-22,2025-02-24
CB0479,TXN004211,M0055,C00963,137.63,Item not received,Lost,2025-06-15,2025-07-16
CB0480,TXN004213,M0007,C00179,1211.83,Duplicate charge,Resolved,2025-07-06,2025-07-28
CB0481,TXN004214,M0180,C00659,2174.94,Item not received,Open,2025-06-29,2025-07-17
CB0482,TXN004219,M0036,C00906,2334.51,Item not received,Resolved,2025-01-15,2025-02-21
CB0483,TXN004223,M0116,C00355,276.33,Duplicate charge,Lost,2025-07-01,2025-07-13
CB0484,TXN004227,M0049,C00258,540.94,Item not received,Resolved,2026-01-15,2026-02-11
CB0485,TXN004231,M0115,C00938,1207.3,Unauthorized transaction,Open,2024-12-09,2025-01-10
CB0486,TXN004243,M0024,C00650,884.43,Fraud,Resolved,2024-05-21,2024-06-02
CB0487,TXN004257,M0115,C00736,614.51,Fraud,Resolved,2023-09-30,2023-10-23
CB0488,TXN004262,M0194,C00631,2389.43,Fraud,Resolved,2024-03-25,2024-05-06
CB0489,TXN004276,M0119,C00776,2398.81,Service not as described,Resolved,2024-09-15,2024-10-21
CB0490,TXN004281,M0169,C00207,2174.25,Service not as described,Resolved,2024-09-30,2024-11-07
CB0491,TXN004282,M0165,C00683,514.23,Service not as described,Resolved,2025-05-20,2025-06-13
CB0492,TXN004283,M0007,C00715,1776.2,Fraud,Resolved,2024-03-27,2024-04-03
CB0493,TXN004288,M0115,C00480,2008.5,Unauthorized transaction,Open,2025-02-01,2025-02-20
CB0494,TXN004291,M0147,C00347,1715.21,Duplicate charge,Open,2024-07-10,2024-08-09
CB0495,TXN004296,M0007,C00042,683.32,Service not as described,Resolved,2025-10-12,2025-11-24
CB0496,TXN004312,M0116,C00195,1643.65,Duplicate charge,Open,2025-01-16,2025-01-24
CB0497,TXN004322,M0050,C00899,150.1,Fraud,Resolved,2025-04-04,2025-04-09
CB0498,TXN004335,M0072,C00050,2293.71,Item not received,Resolved,2025-10-17,2025-11-04
CB0499,TXN004337,M0024,C00245,2449.28,Duplicate charge,Resolved,2024-11-18,2024-12-12
CB0500,TXN004338,M0137,C00838,515.96,Item not received,Resolved,2025-05-25,2025-06-12
CB0501,TXN004346,M0164,C00910,433.7,Fraud,Resolved,2025-02-16,2025-03-01
CB0502,TXN004352,M0182,C00219,1650.1,Unauthorized transaction,Resolved,2025-04-13,2025-05-04
CB0503,TXN004355,M0121,C00224,251.51,Fraud,Lost,2025-07-11,2025-08-03
CB0504,TXN004404,M0151,C00128,1719.51,Unauthorized transaction,Open,2024-10-06,2024-10-31
CB0505,TXN004419,M0165,C00572,2114.55,Unauthorized transaction,Open,2026-03-14,2026-03-26
CB0506,TXN004432,M0033,C00083,1968.15,Service not as described,Resolved,2024-12-23,2024-12-28
CB0507,TXN004439,M0087,C00051,2443.0,Item not received,Resolved,2025-05-24,2025-06-29
CB0508,TXN004442,M0182,C00976,317.55,Item not received,Lost,2025-03-20,2025-04-21
CB0509,TXN004452,M0190,C00885,2084.56,Fraud,Resolved,2025-08-08,2025-08-24
CB0510,TXN004454,M0182,C00763,1486.86,Unauthorized transaction,Resolved,2024-07-05,2024-07-18
CB0511,TXN004459,M0001,C00949,2256.2,Unauthorized transaction,Resolved,2023-04-20,2023-05-19
CB0512,TXN004473,M0162,C00772,709.44,Fraud,Resolved,2026-03-05,2026-04-13
CB0513,TXN004482,M0019,C00838,1620.05,Duplicate charge,Lost,2026-02-11,2026-03-02
CB0514,TXN004493,M0069,C00350,2322.22,Item not received,Open,2023-11-11,2023-12-18
CB0515,TXN004498,M0029,C00238,1192.12,Item not received,Lost,2025-08-01,2025-09-10
CB0516,TXN004508,M0162,C00493,1158.08,Service not as described,Resolved,2025-04-05,2025-05-02
CB0517,TXN004512,M0180,C00962,1884.79,Item not received,Open,2025-05-28,2025-06-06
CB0518,TXN004513,M0090,C00934,628.64,Item not received,Resolved,2024-07-17,2024-08-16
CB0519,TXN004514,M0071,C00169,163.4,Fraud,Open,2025-04-24,2025-05-01
CB0520,TXN004516,M0058,C00442,2287.35,Item not received,Lost,2024-10-31,2024-12-02
CB0521,TXN004523,M0102,C00208,983.85,Unauthorized transaction,Resolved,2025-11-14,2025-11-20
CB0522,TXN004532,M0110,C00766,1828.46,Item not received,Lost,2024-12-07,2025-01-10
CB0523,TXN004535,M0035,C00399,183.8,Unauthorized transaction,Resolved,2025-05-05,2025-05-14
CB0524,TXN004538,M0147,C00015,1856.98,Service not as described,Open,2025-01-25,2025-02-19
CB0525,TXN004543,M0066,C00712,2297.98,Fraud,Resolved,2024-11-17,2024-12-28
CB0526,TXN004544,M0193,C00520,16.95,Service not as described,Lost,2023-09-02,2023-10-04
CB0527,TXN004548,M0189,C00065,698.2,Fraud,Resolved,2025-03-05,2025-04-15
CB0528,TXN004564,M0054,C00810,890.59,Unauthorized transaction,Lost,2024-01-23,2024-02-22
CB0529,TXN004577,M0116,C00680,237.5,Fraud,Open,2025-12-21,2026-02-04
CB0530,TXN004581,M0027,C00465,1983.0,Fraud,Resolved,2025-06-20,2025-07-21
CB0531,TXN004595,M0040,C00729,670.28,Service not as described,Resolved,2025-01-06,2025-01-29
CB0532,TXN004596,M0190,C00874,2159.83,Fraud,Resolved,2024-08-04,2024-08-16
CB0533,TXN004602,M0058,C00387,2407.62,Fraud,Resolved,2025-10-23,2025-11-22
CB0534,TXN004604,M0091,C00160,2499.15,Service not as described,Resolved,2025-09-11,2025-09-17
CB0535,TXN004614,M0058,C00836,1982.93,Fraud,Resolved,2024-05-09,2024-06-03
CB0536,TXN004616,M0189,C00709,1568.96,Item not received,Open,2025-01-24,2025-02-08
CB0537,TXN004617,M0072,C00513,1753.93,Service not as described,Resolved,2024-04-30,2024-06-13
CB0538,TXN004618,M0019,C00070,32.54,Duplicate charge,Resolved,2024-12-31,2025-02-03
CB0539,TXN004619,M0009,C00795,469.01,Duplicate charge,Resolved,2024-09-25,2024-10-23
CB0540,TXN004630,M0029,C00700,1908.83,Unauthorized transaction,Lost,2025-04-17,2025-04-27
CB0541,TXN004642,M0025,C00912,1422.07,Item not received,Open,2024-05-03,2024-06-04
CB0542,TXN004657,M0132,C00604,1365.45,Fraud,Resolved,2024-01-19,2024-01-30
CB0543,TXN004673,M0055,C00907,337.0,Fraud,Resolved,2024-12-14,2025-01-03
CB0544,TXN004706,M0189,C00953,872.29,Fraud,Resolved,2025-05-25,2025-06-26
CB0545,TXN004713,M0066,C00066,1905.73,Item not received,Resolved,2025-05-27,2025-07-08
CB0546,TXN004720,M0179,C00732,747.25,Service not as described,Resolved,2024-03-04,2024-04-03
CB0547,TXN004734,M0174,C00533,1138.5,Service not as described,Resolved,2025-05-28,2025-07-05
CB0548,TXN004748,M0097,C00595,1878.31,Duplicate charge,Resolved,2025-07-26,2025-08-05
CB0549,TXN004761,M0027,C00933,587.65,Fraud,Resolved,2024-05-20,2024-06-19
CB0550,TXN004762,M0087,C00731,2193.51,Service not as described,Resolved,2026-03-14,2026-04-07
CB0551,TXN004770,M0041,C00018,1851.69,Unauthorized transaction,Lost,2023-11-27,2023-12-23
CB0552,TXN004782,M0074,C00106,777.17,Item not received,Resolved,2024-12-20,2025-01-08
CB0553,TXN004785,M0032,C00345,499.38,Item not received,Lost,2025-07-02,2025-07-28
CB0554,TXN004787,M0063,C00763,2027.68,Unauthorized transaction,Lost,2023-12-28,2024-01-12
CB0555,TXN004792,M0022,C00782,1168.62,Fraud,Resolved,2025-09-16,2025-09-25
CB0556,TXN004806,M0097,C00968,129.7,Unauthorized transaction,Lost,2024-06-05,2024-07-12
CB0557,TXN004818,M0190,C00293,1979.4,Service not as described,Lost,2026-03-07,2026-04-21
CB0558,TXN004832,M0063,C00440,1123.44,Duplicate charge,Resolved,2024-02-18,2024-03-01
CB0559,TXN004836,M0089,C00769,2470.5,Duplicate charge,Resolved,2023-09-03,2023-10-11
CB0560,TXN004849,M0164,C00108,2332.92,Service not as described,Resolved,2024-12-15,2025-01-21
CB0561,TXN004865,M0162,C00421,1884.42,Duplicate charge,Resolved,2025-07-22,2025-08-08
CB0562,TXN004866,M0062,C00664,2445.23,Item not received,Resolved,2024-11-04,2024-12-01
CB0563,TXN004867,M0087,C00896,1233.36,Duplicate charge,Lost,2026-01-25,2026-02-21
CB0564,TXN004870,M0050,C00431,2015.95,Item not received,Lost,2025-10-17,2025-10-31
CB0565,TXN004884,M0175,C00694,2090.24,Item not received,Resolved,2026-01-08,2026-01-28
CB0566,TXN004892,M0066,C00505,2451.24,Duplicate charge,Resolved,2025-06-21,2025-07-02
CB0567,TXN004894,M0116,C00535,2143.07,Fraud,Lost,2025-05-22,2025-06-05
CB0568,TXN004902,M0015,C00357,2373.31,Duplicate charge,Resolved,2024-06-04,2024-06-25
CB0569,TXN004916,M0189,C00673,55.56,Unauthorized transaction,Resolved,2024-12-01,2024-12-18
CB0570,TXN004941,M0109,C00007,941.02,Fraud,Resolved,2024-06-03,2024-06-19
CB0571,TXN004948,M0034,C00684,661.34,Item not received,Open,2024-12-13,2025-01-25
CB0572,TXN004962,M0099,C00462,301.32,Duplicate charge,Resolved,2025-07-23,2025-08-06
CB0573,TXN004966,M0200,C00035,660.69,Item not received,Lost,2025-11-26,2025-12-05
CB0574,TXN004968,M0124,C00120,1411.03,Service not as described,Lost,2025-08-31,2025-09-16
CB0575,TXN004986,M0062,C00698,681.46,Item not received,Resolved,2026-01-18,2026-03-04
CB0576,TXN004990,M0104,C00760,1611.79,Service not as described,Resolved,2024-10-08,2024-11-13
CB0577,TXN004995,M0109,C00616,1527.51,Duplicate charge,Resolved,2024-09-22,2024-10-26
